{"cameraMode":{"drawMode":0,"name":"Shaded","section":"Shading Mode"},"sceneLighting":true,"audioPlay":false,"sceneViewState":{"showFog":true,"showMaterialUpdate":false,"showSkybox":true,"showFlares":true,"showImageEffects":true,"showParticleSystems":true},"in2DMode":false,"pivot":{"x":-0.12448740005493164,"y":-79.16980743408203,"z":39.768653869628909},"rotation":{"x":-0.03137369081377983,"y":-0.9005735516548157,"z":0.06609403342008591,"w":-0.4289841651916504},"size":2.5143420696258547,"orthographic":false}